word_count,char_count,avg_word_length,num_exclamations,num_uppercase_words,num_links,num_numbers,special_char_ratio,contains_free,contains_money,contains_click,spam_label
55,1935,4.708205845255991,3,7,3,5,0.14475685730043072,1,1,1,1
199,1043,6.815634661890853,1,1,0,1,0.04381187091755356,0,0,1,0
174,677,5.617822364681684,4,11,3,2,0.06538503636426445,1,1,1,1
55,1326,5.8971599173985405,0,4,1,2,0.013971772909231458,0,0,0,0
140,1455,4.05788498625556,2,9,4,9,0.13156412690896113,1,1,0,1
290,1626,5.948423893318981,9,12,1,6,0.15472319323792788,1,1,1,1
65,1314,6.723204925213091,0,3,1,0,0.01182652023657166,1,0,0,0
261,1079,5.434291059390444,9,12,1,9,0.14259096245066907,1,1,1,1
174,901,5.842072383764117,8,18,1,8,0.18160543254148848,1,0,0,1
165,864,7.59230330265328,2,3,0,0,0.020756318336775645,0,0,0,0
81,179,4.871513219688139,0,3,0,2,0.02991971389091494,0,0,0,0
36,1232,4.970973130551221,2,1,1,2,0.044689922810434886,0,0,1,0
36,868,6.2806235373367825,0,0,0,1,0.04284920039152278,1,0,1,0
298,1675,4.772143530659834,9,24,3,6,0.07413905239121904,1,1,1,1
38,268,4.432113980245543,1,0,0,2,0.030871385459249584,0,0,0,0
292,1676,5.236753524872886,4,18,1,8,0.06483809963291852,1,1,0,1
185,371,4.027704388517111,0,4,1,2,0.04602284526950714,0,0,0,0
120,1627,5.6233898500261965,6,10,3,12,0.08930198831001926,1,1,0,1
50,1265,4.0530954880958845,2,4,0,1,0.04668047629033411,0,0,0,0
70,208,5.8166378837322235,0,2,0,0,0.04183748305092002,0,0,0,0
39,1154,7.616766124461822,0,4,1,1,0.041294077237009036,0,0,0,0
228,1041,6.440389594086751,5,23,3,11,0.057802383033048486,1,1,1,1
84,194,5.0395397548117735,2,4,1,2,0.04236351659133155,0,0,0,0
190,300,4.422024036948118,1,2,1,4,0.016154528181003526,0,0,0,0
30,1431,6.848974113075006,2,2,1,2,0.037657557637253224,0,0,0,0
83,1292,6.535179036974316,2,4,0,1,0.024759631035091698,1,0,1,0
26,1470,4.414029097087165,1,3,1,0,0.04831753325767494,0,0,0,0
56,379,4.028285347742875,1,3,1,4,0.045162559211736154,0,0,0,0
112,1170,6.127865855871594,2,0,0,2,0.03717870532805737,0,0,0,0
190,1295,4.072358222215262,0,4,1,3,0.034699177445498317,0,0,0,0
35,561,7.835795250324335,2,0,0,2,0.02671979199551039,0,0,0,0
107,798,5.58754205305622,2,1,1,3,0.012714627280397605,0,0,0,0
156,1351,3.2033058166391903,9,27,2,8,0.11892638442162438,1,1,1,1
60,996,7.962582039675951,0,4,0,0,0.010579535974932618,0,0,0,0
273,1780,3.283456686659192,7,24,2,13,0.12319278696163727,1,1,1,1
168,863,7.202077230729914,1,2,1,2,0.025191727806346098,0,0,0,0
174,430,6.655334701664516,2,2,1,0,0.03632285731835102,0,0,0,0
67,1093,6.7215825969939145,2,3,0,3,0.027748581639660604,0,1,0,0
166,1392,4.354546543749587,8,17,2,10,0.07156283670736097,1,1,0,1
122,962,4.303762417150272,1,2,0,3,0.026900639039414836,0,0,0,0
199,1439,7.552546927830674,2,1,1,1,0.03778284259000576,1,0,0,0
284,1988,5.027447771106199,1,13,3,13,0.15205906333111868,1,1,0,1
130,826,3.7078185549253,7,6,4,14,0.16819054559629004,1,0,0,1
118,994,6.714655677449857,1,0,0,1,0.03796400887727765,0,0,1,0
99,315,6.390691728874909,0,2,1,4,0.02156731098816128,0,0,0,0
40,1288,5.553717817878605,0,1,1,1,0.027771553009530332,0,0,0,0
64,1830,4.352596574668153,4,16,3,5,0.10071722058293606,1,1,0,1
120,310,6.209829901949014,1,4,0,3,0.04126288726289748,0,0,0,0
296,1379,5.255661934975574,4,18,4,6,0.15084109019285968,1,0,1,1
285,700,6.842788443678561,5,20,1,8,0.11099332297680348,1,1,1,1
159,132,7.043184309080171,1,0,1,0,0.03371249002658552,0,0,0,0
100,1109,5.051290741454367,1,4,1,4,0.02506235132990811,0,0,0,0
171,1203,7.6978367056990304,1,1,1,0,0.013000977658256297,0,0,0,0
229,1637,4.7693333127711615,3,20,1,2,0.05028742921691053,1,1,1,1
283,1997,6.410596925937649,5,8,1,6,0.1530090600312251,1,0,1,1
143,240,5.5781454920839675,0,1,1,1,0.049347498968034906,0,0,0,0
43,594,5.120217469367226,2,2,1,2,0.01882541742205725,0,0,0,0
171,249,5.007800781883368,0,3,0,1,0.04691281976091649,0,0,0,0
169,1427,4.793083782388701,0,4,1,4,0.04137048617017288,0,1,0,0
75,349,6.904538988993635,0,3,0,0,0.048295554998805404,0,0,1,0
129,531,4.833772659847674,0,1,0,4,0.03242840321035675,0,0,0,0
103,244,5.337563303453896,2,1,0,3,0.03573496244363566,0,0,0,0
22,1378,5.354033754143551,1,4,1,1,0.03544109673653099,0,0,0,0
243,854,5.896283685106116,4,16,4,10,0.17757637641415264,1,1,1,1
275,1067,6.039479306515144,4,29,2,9,0.07505944038116527,1,1,0,1
203,1699,5.562527176291245,8,28,2,5,0.10237776337821178,1,0,1,1
163,694,7.0401381079238945,2,3,1,2,0.04373826097605597,0,0,1,0
153,351,6.768720038160351,2,3,0,2,0.044433317949182934,0,0,0,0
23,838,5.553111365643076,0,1,1,3,0.0381378855999248,0,1,0,0
135,311,4.6811737312061155,1,6,4,3,0.19853347567975477,1,1,1,1
99,1860,6.2966236196316,3,26,4,4,0.1259212483411904,1,0,1,1
295,570,6.668514774280148,5,19,2,7,0.07556535927440414,1,1,1,1
34,1019,7.69009178815362,0,0,1,2,0.024780560525348057,0,0,1,0
63,1163,4.117480743754074,0,3,1,0,0.04964769845572727,0,0,0,0
152,1056,7.799747341792967,2,2,0,0,0.030713184139098196,0,0,0,0
33,846,6.1066823962888215,1,0,0,0,0.020295368290212182,0,1,0,0
95,1151,4.546399618431028,0,4,0,1,0.03238768679399052,0,0,0,0
40,740,4.108285936977721,1,4,0,3,0.0148306627881875,0,0,0,0
290,742,6.04742171299756,4,22,1,3,0.05540656324327875,1,1,1,1
108,689,7.29307627392968,2,2,0,2,0.04093343213490461,0,0,1,0
37,1218,5.365138718220935,0,4,1,2,0.048587334108750026,0,1,0,0
105,270,4.754476146049302,1,3,1,3,0.026148510548934432,0,0,0,0
129,1137,3.607853022735051,9,26,4,14,0.1124244487262363,1,1,1,1
48,984,6.0225032611167215,0,1,1,3,0.020183321318104516,0,0,0,0
38,444,4.9723040737612525,2,2,1,3,0.015196743607002539,0,0,0,0
128,848,6.316367143744911,1,1,0,0,0.04978178445879992,0,0,0,0
225,1337,3.9081976559400693,1,28,3,11,0.19773428677017496,1,1,1,1
160,770,7.003751459643244,2,1,1,2,0.04244104263109183,0,0,0,0
99,225,5.935050335224286,0,1,1,0,0.019697146036638188,0,0,0,0
124,1399,5.822466864226902,1,1,0,0,0.038039144424885325,0,0,0,0
168,1442,4.3424877025979916,4,5,4,4,0.07608639045417354,1,1,0,1
90,1466,6.470886727864165,7,13,3,12,0.11774611447099295,1,1,1,1
78,155,6.740904996963216,1,1,0,2,0.015235657429468762,1,0,0,0
148,1454,4.5587054139221195,2,4,1,1,0.030050960690820812,0,0,0,0
176,281,4.651408648641877,1,1,1,1,0.025839732603561087,1,0,0,0
180,1026,7.609154031500868,2,1,1,3,0.02049554360918942,0,0,0,0
29,393,4.509805109262338,0,2,1,0,0.02881906535127122,0,0,0,0
199,582,6.029582251953871,2,0,1,1,0.01940597740425229,0,0,0,0
79,1494,5.1166188261603365,0,1,0,0,0.030230926833928612,0,0,0,0
140,845,4.885439790314791,1,1,0,2,0.017394206540561383,0,0,0,0
158,1174,7.306145710209978,2,3,0,4,0.023793651079001266,0,0,0,0
142,903,7.391512630352949,2,2,0,1,0.015407118726911594,0,0,0,0
28,652,4.809167352091892,2,0,0,1,0.02988538897122832,0,0,0,0
111,781,3.836707125935293,4,6,1,8,0.07532284711321607,1,1,0,1
52,274,6.765342155419081,0,1,1,1,0.02163481155986747,0,0,0,0
127,1320,4.835075997298102,1,1,1,3,0.031560167832286344,0,0,0,0
30,447,4.957228597878968,0,3,1,0,0.019315568910747517,0,0,0,0
182,370,6.990458194534696,1,2,1,0,0.04422514298295986,0,0,0,0
51,998,3.285440988063023,1,21,1,4,0.15953554946985135,1,1,0,1
291,1014,3.7018705704827926,2,25,4,3,0.19914212833468153,1,1,0,1
174,639,5.794810695579967,1,1,1,2,0.04741617607761834,0,0,0,0
111,757,4.599174498538067,0,4,0,3,0.04979440072206576,0,0,0,0
179,429,4.122967201456831,0,3,0,0,0.04141970369731812,0,0,0,0
191,409,6.506379791427097,1,4,1,2,0.020238657252096028,0,0,0,0
193,780,7.687057717521421,2,2,1,2,0.015452234360165922,0,0,0,0
100,796,5.874940318935265,1,4,0,4,0.03049633353579277,0,0,0,0
36,1344,7.818077264429256,0,2,1,1,0.0295986512905786,0,0,0,0
188,1204,6.407978627973524,8,20,2,11,0.15809803177085796,1,0,1,1
158,1379,7.285118770271568,1,3,0,4,0.02311762414961089,0,0,0,0
99,1400,6.505376517574268,0,4,0,2,0.03514939653232723,0,0,0,0
198,1220,7.845535357376889,1,4,1,2,0.04714632768962794,0,0,0,0
27,1494,5.3320925653508,1,2,0,0,0.03340737424052744,0,0,0,0
106,1174,5.85297393982279,1,4,0,4,0.04983075261137816,0,0,1,0
230,994,4.697878956808778,9,12,4,11,0.07059664117867549,1,1,1,1
166,1932,4.88992986681401,7,25,1,10,0.1305633559815611,1,1,1,1
131,1034,5.259013914748449,0,3,1,2,0.03663758737021142,0,0,0,0
123,1250,6.912211812155819,2,0,0,1,0.02593239726417744,0,0,0,0
65,406,6.042860517766506,1,4,1,4,0.044063333110421446,1,0,0,0
180,233,3.2696158721474604,4,17,3,6,0.18540620860899204,1,1,1,1
94,1299,6.623814185982796,1,1,1,3,0.024470498801146868,0,0,0,0
81,828,6.191763479834622,1,0,0,2,0.028984271612476006,0,0,0,0
55,699,5.378130343086008,0,0,1,1,0.04728938551431258,1,0,0,0
36,1440,5.103016611748801,2,3,1,1,0.03788476741199175,0,1,0,0
169,947,6.645923490918395,2,1,1,1,0.04474509128763415,0,0,0,0
281,1952,4.448871916515596,6,18,3,10,0.11312110295085288,1,1,1,1
192,861,6.469610895031417,2,1,1,3,0.03405723791595599,0,0,0,0
153,1990,5.8910873692923715,5,28,3,4,0.11229548163654494,1,0,1,1
147,1426,6.075355008607772,2,3,1,2,0.01506755617776372,0,0,0,0
36,894,5.110819664963762,0,1,1,1,0.012618439143705964,1,0,0,0
140,1000,4.547919139933327,2,2,1,2,0.037520420004861076,0,0,0,0
127,245,7.424029073577444,2,4,1,1,0.04439876332941522,0,0,0,0
129,961,6.029378815071682,1,23,3,7,0.10314154802640452,1,1,1,1
73,1015,5.154735976835133,4,22,3,7,0.05576399780359214,1,1,1,1
40,769,7.840687959198518,0,2,0,0,0.015005169096965063,0,0,0,0
164,1444,6.170289148874483,1,1,1,3,0.023711913674890693,1,0,0,0
242,1806,4.020890619160998,9,18,1,14,0.1042465630569454,1,0,0,1
182,1234,3.922178528863691,5,23,1,5,0.15427423569897447,1,1,0,1
120,1098,5.214722399003291,1,1,1,0,0.016131025436333362,0,0,1,0
117,1236,5.547068337648804,1,1,0,2,0.048486276294566664,0,0,0,0
22,698,4.419528800224528,0,2,0,4,0.026692788496081823,0,0,0,0
142,739,6.508002338848789,0,0,1,2,0.03792337194112079,0,0,0,0
83,813,5.182083462184249,7,13,4,3,0.05634381326838572,1,1,1,1
150,360,7.530661828798503,0,0,1,0,0.016093637739927592,0,1,0,0
40,400,5.020826458118297,1,1,1,2,0.03926840612366744,0,0,0,0
285,1164,4.582307503032542,7,27,2,4,0.15763622393094404,1,1,1,1
159,1302,6.303964796278666,2,2,0,2,0.011592913189846864,0,0,0,0
136,1461,7.3683754285869965,1,3,0,3,0.018286867493533268,0,0,0,0
99,233,6.535170064902955,3,20,4,5,0.09162753147458838,1,0,0,1
42,498,6.592246682033272,0,1,1,0,0.04336855171306643,0,0,0,0
139,1454,7.605102798358834,2,0,0,3,0.048085749785508364,0,0,0,0
85,1024,7.898582482265841,1,4,1,2,0.013327575297623398,0,0,0,0
36,174,7.745302668370206,2,3,1,2,0.03272405003100785,0,0,1,0
45,1332,6.629589202467791,0,4,0,2,0.03031100960134705,0,0,0,0
93,1048,4.631283091068552,2,0,1,1,0.01618627647047775,0,0,0,0
150,1118,7.507631185871865,0,4,1,0,0.02561750091863059,0,0,0,0
79,717,4.122671328497107,1,2,0,1,0.028400683603182562,0,0,0,0
154,125,4.434842245797725,1,2,0,3,0.010987885532471462,1,1,0,0
101,1937,3.6729186024829388,7,24,1,8,0.16474653292151348,1,1,1,1
237,861,3.517581116131843,2,15,3,14,0.10830459901622747,1,0,1,1
102,1106,4.0073829157568,0,1,1,4,0.02328150055313785,0,0,0,0
219,840,5.892695780819892,2,19,1,3,0.1664032059374005,1,1,0,1
201,512,3.489920988807095,8,13,2,7,0.16425072888065811,1,1,0,1
74,482,4.245972258401951,3,23,3,4,0.0723852720582392,1,1,1,1
55,322,5.855062403186229,5,17,3,6,0.1314691623598714,1,1,1,1
75,1848,4.327105681760279,1,23,4,13,0.12393506068950687,1,0,0,1
177,1280,4.936125186917462,0,0,0,0,0.027193400425754938,0,0,0,0
89,848,6.747169092109927,6,5,3,14,0.08255624316712776,1,1,0,1
129,315,7.7202282028096905,0,3,0,1,0.038801106261431996,0,0,0,0
75,618,7.725460417995526,1,4,1,2,0.02268498409471279,0,0,0,0
123,1187,6.058079148094861,1,1,1,1,0.01075693788158532,0,1,0,0
256,486,5.974783177864524,7,23,3,12,0.13043409624287944,1,1,0,1
60,1499,4.0457168696667605,2,4,1,2,0.03419728389042127,0,1,1,0
103,292,7.328258286151418,1,1,1,4,0.020269729520572675,0,1,0,0
222,1651,6.276408204154752,8,16,3,9,0.1654407415433518,1,1,1,1
299,1252,6.7996308813107325,4,6,4,5,0.11685725800188555,1,0,1,1
117,999,3.4839260777052594,2,8,2,9,0.07326405796784098,1,1,0,1
239,861,4.657491079166334,7,26,1,3,0.16298061054738883,1,1,1,1
258,619,5.1607149546560045,4,17,4,10,0.16547569049742245,1,0,0,1
29,871,5.102966417717101,0,2,1,4,0.030364986141650473,0,0,0,0
150,433,6.342546851091563,2,0,1,0,0.02212463588129847,0,0,0,0
165,1504,4.272722236760108,6,7,1,13,0.1358574466549173,1,1,0,1
166,1090,4.959695135533875,0,2,1,1,0.012761926536180006,0,0,0,0
39,771,7.795054323046285,1,1,1,3,0.02335706139280056,0,0,0,0
164,692,5.109495243687221,2,3,1,2,0.015554777487825328,0,0,0,0
279,1442,4.351011070803322,9,8,4,14,0.10438319118182512,1,1,1,1
131,550,3.235006088985826,8,19,1,3,0.08819790421570595,1,1,1,1
152,210,4.420080549030094,0,1,1,2,0.03591585449776505,0,1,0,0
57,519,5.029670428029787,2,4,0,1,0.017743475760315063,0,0,0,0
140,1335,4.242380532129964,1,1,1,1,0.0279336879050228,0,0,1,0
52,461,4.3250103533382696,2,2,1,4,0.013960871065151138,0,0,0,0
61,768,6.555752677413872,1,1,1,4,0.02821869772615588,0,0,0,0
184,793,7.124624630415449,2,3,1,3,0.022609663469767095,0,0,1,0
172,1199,5.168060656987831,1,4,1,3,0.02202834743004611,0,0,0,0
166,416,3.744387744052865,3,16,1,6,0.12579976037452079,1,0,1,1
260,762,5.104221278121539,5,6,3,11,0.054478389938087096,1,0,1,1
66,394,5.101127877838335,1,1,0,3,0.04515201526004232,0,0,1,0
142,255,3.25866876016282,7,19,4,9,0.087100178135222,1,0,1,1
55,489,4.711514780283987,2,3,0,4,0.0430469793780786,0,0,0,0
106,207,6.713893467246107,0,1,0,0,0.013175356888661973,0,0,0,0
131,1004,5.135178450561822,0,3,1,4,0.044411282559508575,0,0,0,0
285,697,4.858145956866457,5,16,3,9,0.16717516351727807,1,1,1,1
121,323,3.8491445269311466,3,11,3,13,0.09329772878680176,1,1,1,1
62,379,5.888803021575382,1,2,0,1,0.010433650455462233,0,0,0,0
29,1096,6.993089420648217,1,2,0,0,0.048179066801690686,0,0,0,0
92,1433,4.48376786669327,7,23,4,12,0.17921610404163374,1,0,1,1
35,1024,4.195133260599185,1,3,0,1,0.029830838725208524,0,0,0,0
68,1384,6.424530648498517,4,17,1,13,0.17411853337874825,1,1,1,1
81,229,6.302498461216295,2,1,0,3,0.04052421481663003,0,1,0,0
110,1087,5.241839375326023,1,3,0,0,0.03251702522198507,0,0,0,0
122,510,3.646807992250253,6,18,4,9,0.12757646362335956,1,1,1,1
183,839,4.675336407062904,4,13,4,7,0.14366694578636308,1,1,0,1
98,1206,7.548777529979891,2,1,1,2,0.03804063688133646,0,0,0,0
109,501,6.344374876701481,0,0,0,4,0.01941081300284901,0,0,0,0
277,489,4.395900444319178,3,10,3,14,0.08736791493316479,1,0,1,1
206,1373,4.2424265851651795,1,14,1,5,0.11150117214324373,1,1,1,1
128,337,4.855356062958086,2,2,0,0,0.028234365750275353,0,1,0,0
48,755,5.444795247303855,0,0,0,1,0.01296311875384001,0,0,0,0
202,1158,6.268605010965439,3,29,1,12,0.17819739944390045,1,1,0,1
101,892,7.053113527152917,1,2,0,4,0.01245188935370703,0,0,1,0
115,790,7.502055420449267,1,3,0,1,0.011355762540736345,0,0,1,0
45,1414,7.441434811113821,2,4,0,3,0.01724217594180226,0,0,0,0
129,629,4.258895460442028,0,2,1,1,0.01603903638421528,0,0,1,0
224,622,5.793297507325894,8,5,4,3,0.05702977845794083,1,1,1,1
190,275,5.558888530774021,2,0,0,4,0.03623425228233493,0,0,0,0
72,577,4.705179182621819,1,28,4,10,0.12382354315276378,1,1,1,1
68,904,4.536218002553147,2,0,0,4,0.017397451491332296,0,0,0,0
113,1209,4.585872086165873,0,3,1,0,0.02490687575933998,0,0,0,0
197,1368,3.051498916784318,9,13,4,5,0.1355105379467202,1,1,1,1
172,888,4.140211530796778,2,2,0,4,0.03572367353128198,0,1,1,0
65,1412,7.252607986679019,2,0,0,4,0.04915657439432033,0,0,0,0
137,550,6.648641579661277,0,4,1,0,0.026672899192654594,0,0,0,0
122,1345,6.630045559600356,2,2,0,3,0.04539232532549299,0,0,0,0
100,110,7.2444107390599815,1,2,0,3,0.01365567594737679,0,0,0,0
51,337,4.716006432212719,7,28,2,3,0.10369877335638104,1,0,1,1
54,1146,7.45423802363835,2,0,1,1,0.046855854540252935,0,0,0,0
85,910,4.89852832296614,2,1,1,0,0.016584234254723572,0,0,0,0
40,1371,4.642484126134336,1,3,0,0,0.03409693467486781,0,0,0,0
43,1316,7.76135088741479,0,3,1,1,0.030168596538263516,0,0,0,0
184,1584,5.364216423949257,1,28,4,14,0.0506877696954231,1,0,1,1
108,1193,5.884100634011208,5,12,4,8,0.0810107778036821,1,1,1,1
250,450,3.188959046770067,3,22,1,4,0.1712513084167599,1,0,1,1
135,1208,6.686184940332895,2,3,1,0,0.04311793122883916,0,0,0,0
107,458,5.851334698396462,2,0,1,4,0.03198921049958578,0,0,0,0
79,733,6.90273439455042,6,6,1,6,0.10811933928162762,1,1,0,1
66,439,5.984481688114803,2,1,1,3,0.04874053581974721,0,0,1,0
145,1444,4.728799904057474,1,27,2,5,0.12944323210155395,1,1,1,1
146,1273,6.279427395255421,2,2,1,0,0.02626001382999133,0,0,0,0
98,754,4.632677949820563,6,13,3,5,0.07991461448879601,1,0,1,1
41,1157,5.24826217977215,1,2,0,3,0.019203560620819685,0,1,0,0
125,1729,4.52871965244287,3,13,4,2,0.06426750781115094,1,0,1,1
80,423,5.0931266772564125,8,22,2,9,0.07386161120804413,1,1,1,1
55,790,4.39938999507047,1,2,1,1,0.039167126310008016,0,0,0,0
168,491,6.63034932948975,2,2,0,2,0.017197063471359773,0,1,0,0
246,481,5.7716778556882815,6,16,4,13,0.0634616355800334,1,0,1,1
66,528,7.56314295088196,1,4,0,2,0.04456279562764271,0,0,0,0
143,471,5.245234331310003,5,12,1,2,0.16479804022616665,1,0,1,1
89,1105,7.6457188778430165,0,4,1,0,0.02511134045747536,0,0,0,0
72,1395,6.529854984931646,0,0,0,0,0.03495184974307131,0,0,0,0
159,934,4.941413427226611,0,2,0,0,0.04836989422837615,0,1,0,0
129,1350,4.811841866441638,1,2,0,3,0.024482031348775326,0,0,0,0
101,316,4.944714048623178,0,1,0,1,0.04080228396316916,0,0,0,0
105,789,5.33338818828045,0,0,1,4,0.020624733869670474,0,1,0,0
148,1190,5.469633531138793,9,28,3,12,0.06572232415263068,1,1,1,1
90,518,7.5368723254206085,1,0,1,4,0.04037763440418038,0,0,0,0
136,195,6.058929214645058,1,1,0,0,0.014998035701415634,0,0,0,0
163,1145,6.613406980764614,0,0,0,4,0.047635844725516116,0,0,0,0
32,721,7.751262167125073,0,3,1,3,0.039367909898537626,0,0,0,0
35,923,6.2804500240643835,1,4,0,4,0.02322669675354402,0,0,0,0
139,874,4.235601248217511,1,0,1,3,0.031418032093583466,0,0,0,0
140,258,7.2694264772910815,2,2,0,3,0.015978903803648276,0,0,0,0
143,1310,3.4178351021839735,9,19,4,5,0.12452140852507683,1,1,1,1
179,1540,5.961258820985773,8,9,2,2,0.12849945712751448,1,0,1,1
64,618,7.824327362056621,0,0,0,4,0.04660852122121485,1,1,0,0
26,1355,6.170201584525551,1,2,1,4,0.020311175466256173,0,0,0,0
169,913,6.715561777801952,1,1,0,2,0.042457950899356584,0,1,0,0
170,300,4.968290234656386,4,16,4,7,0.19567238069244713,1,0,1,1
71,1230,3.2529527577340884,4,8,2,5,0.07913577238810092,1,1,1,1
63,1360,7.830959092724768,2,2,1,3,0.016612194644349085,0,0,1,0
69,708,4.482199212184044,1,3,0,3,0.03351602919505018,0,0,0,0
187,1383,5.638118078367343,0,2,1,0,0.029979418179224532,0,1,0,0
46,412,7.075144722304565,1,1,1,4,0.023174809072907657,0,0,0,0
188,886,7.782517460304757,0,0,0,0,0.04853934340501877,0,0,0,0
152,157,5.837805600638484,0,4,1,0,0.011448450530149566,0,0,0,0
250,1234,6.274620372306288,2,24,3,13,0.1537951874872745,1,1,1,1
165,262,5.535436515263314,0,0,0,4,0.03963028982645161,0,0,0,0
21,1300,4.7765305544449665,1,1,0,0,0.029968553895087624,0,0,0,0
135,1283,7.158300962915696,0,1,1,1,0.025965206092559902,0,0,0,0
47,1147,6.157523652984724,1,0,1,4,0.03266206824748344,0,0,0,0
197,1407,7.324455736203337,1,4,1,4,0.03415630632238123,0,0,0,0
120,1355,5.76873922978803,1,3,0,1,0.04380145948363307,0,0,0,0
78,1344,7.837487865610039,1,2,1,2,0.025032696219105074,0,0,0,0
46,1480,7.418974689346529,2,3,0,2,0.010923801884482956,0,1,0,0
194,176,7.226768787532672,0,1,0,2,0.016536262365649798,0,0,0,0
95,482,6.136795753811609,2,4,0,0,0.04789393433280274,0,0,0,0
91,498,7.29644302607022,0,4,0,4,0.029774976208397377,0,0,1,0
87,694,3.606509425284008,3,28,1,4,0.17684894781596083,1,1,1,1
91,1343,4.725174359527543,0,3,0,4,0.03980923670672795,0,0,0,0
131,508,5.591190105890439,5,20,3,4,0.07149644422797162,1,1,1,1
126,500,6.4957768475535556,0,0,1,2,0.04711646612066359,0,0,0,0
91,1048,7.469416158448681,2,4,0,4,0.031497616384815685,0,0,1,0
157,141,5.6101045137238295,2,1,1,0,0.011021997883904873,0,0,0,0
249,1944,5.271277090073726,8,12,4,12,0.055601265491948715,1,0,1,1
38,1381,4.094651431003978,2,4,1,0,0.011190140948733504,0,0,0,0
47,1341,7.318120750635293,2,0,1,3,0.011472952145807364,0,1,0,0
136,351,5.3167503881262785,1,1,1,1,0.04003039364788068,0,0,0,0
244,1428,5.118119081915271,6,23,4,5,0.09847013351696324,1,1,1,1
53,1268,5.399646858189558,1,3,0,2,0.04853763839773306,0,0,0,0
138,1339,3.277678790342242,1,20,3,9,0.18645207914393658,1,1,1,1
91,627,5.849512627340959,2,1,0,1,0.04147624857308976,0,0,0,0
74,1185,5.810288649773636,0,2,1,3,0.020889057169685827,0,0,0,0
105,1302,4.103901217235043,2,0,1,0,0.04303543038633075,0,0,0,0
120,216,3.7870709232936193,6,14,4,9,0.10742994636317127,1,1,0,1
25,1165,4.787166406151984,1,1,1,4,0.03519316422462632,1,1,0,0
110,635,4.575785346882903,1,3,0,2,0.01581257707846491,0,0,1,0
154,1229,6.608683770813201,2,0,0,2,0.030676470944280602,0,0,0,0
106,936,4.591953361818629,0,2,0,0,0.03310764350456681,1,0,0,0
113,240,6.51854184881433,2,2,1,1,0.033084335317708116,0,0,0,0
101,621,4.447692989798883,1,3,1,0,0.04288664499192135,0,0,0,0
246,565,6.825146209352736,5,11,4,7,0.07267878469787702,1,1,1,1
52,659,7.166341136869299,2,0,1,3,0.02049006780219359,0,0,0,0
222,1766,4.75661531425379,6,21,3,12,0.12960838494522464,1,1,1,1
69,1131,6.798149465894458,9,8,2,11,0.07783352113736153,1,0,1,1
25,1263,6.459515446653539,0,4,0,4,0.03768157335565265,0,0,0,0
188,171,6.892745126335653,1,4,0,4,0.02614834105887194,0,0,0,0
277,1847,5.118400772325874,3,28,2,3,0.1871213098434118,1,1,1,1
100,424,7.5011050890856,0,3,0,2,0.018059065725827564,0,0,0,0
117,1212,5.449933518505812,0,2,0,2,0.045750032292885226,0,1,0,0
90,887,6.9233850224018365,0,0,1,0,0.017102553779019362,0,0,0,0
197,635,5.457183150585212,1,3,1,2,0.028356389663955074,0,0,0,0
50,488,4.038050341689297,2,3,0,1,0.024689667881467335,0,1,0,0
150,705,7.462400538167067,2,2,1,0,0.015195780793633686,0,0,0,0
31,260,4.793421862404395,0,3,1,0,0.029190736077830834,0,0,0,0
101,991,7.411576657573872,2,1,1,0,0.03158105557886403,0,0,0,0
179,1429,4.206011920853957,0,1,0,4,0.035386905904438416,0,0,0,0
79,1161,4.471118578708671,0,2,1,0,0.036215573857401484,0,0,0,0
106,857,6.876517406013871,2,2,0,4,0.023267408505623748,0,1,0,0
121,1183,4.2905011099015455,2,3,1,2,0.041154562515338305,0,0,0,0
164,1235,3.8257085690855774,2,22,2,6,0.06835273527262281,1,1,1,1
62,1202,4.080637037326605,8,19,4,11,0.08012630264435963,1,1,1,1
96,1917,4.275485001235914,8,22,2,2,0.14306994429031733,1,1,1,1
147,217,6.321703381297153,1,3,0,0,0.026603026352002936,0,0,0,0
58,1783,3.2348865885080427,2,5,3,8,0.08967390712684722,1,0,1,1
141,1468,4.197807238413361,2,3,0,1,0.042604008767729594,0,0,0,0
92,870,4.3768186158111115,1,2,1,0,0.028633076012089947,0,0,0,0
58,859,3.94293882158474,8,21,2,8,0.1913917021517897,1,1,0,1
245,1495,4.779526428878636,1,20,3,4,0.1732034879104953,1,1,0,1
133,249,7.982399464664452,1,2,0,3,0.04939405240572809,0,0,1,0
156,161,6.813942465584298,1,2,0,4,0.02457383131681017,0,0,0,0
174,1153,5.721115636175198,1,1,1,1,0.04492494711809233,0,0,0,0
298,1233,3.7175094212107727,1,18,1,4,0.06634072066668177,1,1,1,1
129,1696,5.835198951146032,7,28,1,6,0.17115898024456722,1,1,0,1
43,1058,4.057702087620189,1,1,0,3,0.011274071542292124,0,0,0,0
47,1366,5.940995191898319,0,1,1,0,0.024901597310122356,0,0,0,0
113,1025,5.36376002300627,2,3,1,3,0.03356807361080433,0,0,1,0
143,358,4.205448116269242,2,4,0,4,0.019302494076920695,0,0,0,0
136,228,7.959709929127522,2,0,0,1,0.024207320086559084,0,0,0,0
297,1844,6.021857300951854,8,16,4,14,0.0796412699591583,1,1,1,1
60,544,4.117434187686068,0,4,1,0,0.0393546923571464,0,0,0,0
61,271,6.519111531079386,4,9,4,10,0.13533211532646913,1,0,1,1
139,881,6.821463150650339,2,4,1,4,0.04056790218449392,0,1,0,0
141,437,4.507213774474353,5,5,2,6,0.08551534176510217,1,0,1,1
150,247,4.013109140016636,0,4,0,2,0.034021419014849355,0,0,1,0
195,262,5.135650878897671,2,1,0,1,0.034458404007886315,0,0,1,0
152,681,5.632108963309179,0,4,0,4,0.03523080843267232,0,0,0,0
128,800,7.81464984745716,2,0,0,0,0.014263425059606401,0,0,0,0
64,1441,4.132884852087269,9,8,2,2,0.19396011946319047,1,0,0,1
145,1453,4.093226643006105,2,27,4,13,0.07126228841243484,1,1,1,1
73,538,7.851959986823925,1,2,1,3,0.02633353787338716,0,0,0,0
188,1692,3.2812758430309414,4,12,2,4,0.06572670525904087,1,0,1,1
66,289,4.301293973109193,2,2,0,2,0.01491600397125862,0,0,1,0
53,275,4.943993226331638,5,6,1,5,0.10428888035380948,1,0,1,1
193,1001,7.975444588441464,2,1,1,3,0.01732296327381396,0,0,1,0
92,679,4.969339492953184,1,0,1,2,0.03860343121998161,0,1,1,0
29,1297,4.967581338769424,2,2,0,4,0.01358365375658948,0,0,0,0
113,821,6.841893737330201,4,20,2,5,0.12331158541757814,1,1,0,1
52,345,6.356819544214199,4,25,1,3,0.15819303629342094,1,0,1,1
98,1281,7.008048024715773,0,4,1,2,0.04750382979643903,0,0,0,0
58,1161,7.388603935285941,0,4,1,3,0.04947359287070026,0,0,0,0
83,754,7.154017526907403,1,4,0,1,0.04331547687174194,1,0,0,0
43,648,4.228830364902864,0,1,1,2,0.03315895724653675,0,0,0,0
196,1473,6.822972832113662,0,0,0,3,0.026976154263588195,0,0,0,0
90,185,6.23047676589984,2,2,1,2,0.042024506333520534,0,0,1,0
75,254,7.612585148343943,2,0,0,3,0.01240987670811566,0,0,0,0
26,496,6.630397376419331,0,2,0,2,0.02291436725078897,0,0,0,0
52,834,5.753268435744004,3,27,1,2,0.16331552555934564,1,1,1,1
78,1238,5.056719093198042,2,2,1,2,0.0395473058192343,0,0,0,0
101,719,5.6632194563673846,1,9,3,14,0.07730875140856655,1,0,1,1
128,1901,5.077432901776802,8,13,2,8,0.10639584140074927,1,1,1,1
80,507,5.892896561869955,1,4,1,3,0.018361114699955154,0,1,0,0
35,1248,7.3469719880169055,1,3,0,1,0.0231442096368466,0,0,1,0
184,1293,4.431069170564129,7,24,2,6,0.0973718447414803,1,1,1,1
191,1256,5.4913929587768635,1,3,0,0,0.01756019628728901,0,1,0,0
158,1252,7.723257882219574,0,3,0,2,0.04974181120057992,0,0,0,0
85,546,7.494728450890429,1,3,1,3,0.044308530097952804,0,0,0,0
133,1033,4.596479057945951,2,1,0,2,0.012027905541237921,0,0,0,0
133,202,7.813511548422401,2,0,1,2,0.023560499999721117,0,0,0,0
149,1298,7.946699295641251,1,1,0,2,0.03157313228858091,0,0,0,0
85,109,4.872635710853128,0,3,1,3,0.035138728601586754,0,1,0,0
190,1264,4.148334901992138,2,2,0,1,0.04607675169532677,0,0,1,0
179,892,4.273133509556372,0,1,0,2,0.013768909532140699,0,0,0,0
244,1937,3.0067755151675946,4,17,3,14,0.15276934446322296,1,1,1,1
294,1070,4.420504502482611,7,29,3,4,0.10621032395887925,1,1,1,1
131,1008,6.324358405826338,2,1,0,1,0.027169513973025007,0,0,0,0
128,1068,6.67200410298582,0,0,1,1,0.024692424602978116,0,0,0,0
20,609,5.197828977761899,1,0,1,0,0.0337898850836158,0,0,0,0
54,407,4.03670109943066,8,29,3,14,0.1578419042620557,1,1,1,1
96,1019,5.087145167028568,0,4,0,1,0.021982728069527273,0,0,0,0
114,189,6.794889817844214,1,1,0,1,0.03932995771458129,0,0,1,0
212,440,3.2359930713435614,2,7,4,8,0.16923278536565828,1,1,0,1
96,536,5.569866860611011,0,0,1,2,0.018568335722727432,0,0,0,0
89,108,5.619433115808056,0,2,1,3,0.010288947168559534,0,0,0,0
128,1242,5.417311805354351,2,1,0,3,0.036482819540707055,0,1,1,0
153,1450,6.252006167867497,2,2,0,0,0.01178221145792309,0,0,0,0
162,924,6.1701764381979505,0,4,1,4,0.03297267097859221,0,0,1,0
266,1328,3.907745166301374,6,6,4,11,0.12589992871412836,1,1,1,1
68,179,5.700420077145136,0,2,1,4,0.036989442203443405,0,0,1,0
293,613,3.1979124147975915,7,13,3,7,0.14063239149081386,1,0,1,1
153,1308,4.053367166539571,1,1,1,0,0.03920732615673262,0,0,0,0
183,921,5.9396313965393865,2,3,1,3,0.04777672264552528,0,0,0,0
57,1259,6.95185092200914,0,4,0,0,0.031337077338954224,0,0,0,0
138,1002,6.726048291899315,2,1,1,2,0.03988099140207463,0,0,0,0
33,1181,7.8822510493535916,1,1,1,4,0.02013932438563291,0,1,0,0
92,798,3.7126227444218265,8,23,4,2,0.12420133787269114,1,1,1,1
114,1445,4.383915682057306,2,2,0,0,0.028056697247997343,0,0,1,0
273,699,6.50227708770168,4,21,3,14,0.10518411078710664,1,1,0,1
148,145,6.495926237490119,1,4,0,3,0.01760827406804811,0,0,0,0
273,895,3.5860823860939792,9,11,1,14,0.1967291640519626,1,1,1,1
22,1266,4.789990593954433,2,3,0,4,0.03973781433148938,0,0,1,0
110,1144,3.243902146535401,9,18,2,8,0.17298356280535201,1,0,0,1
144,540,7.578320709810468,2,2,1,2,0.03347064629594842,0,0,1,0
163,1895,5.106174560624499,3,21,4,13,0.1551080185560456,1,1,0,1
128,123,6.529108442549568,1,2,0,1,0.046872115751258124,0,0,0,0
43,1262,6.218224316706895,1,3,1,0,0.038365003704089504,0,0,0,0
157,1134,6.9206153472469465,2,1,1,4,0.02209526701523394,1,0,0,0
187,206,4.944146460478265,0,1,0,3,0.0159529552691435,0,0,0,0
119,1083,5.016444554578047,1,29,4,7,0.18059408983644648,1,1,1,1
43,155,5.276694641416898,2,0,0,0,0.025276872831099882,0,0,0,0
177,830,3.8325734890606307,6,6,4,2,0.1135113072511707,1,1,1,1
99,415,5.16964603400111,2,1,1,1,0.039833434583755344,0,0,1,0
58,1229,6.704718414415884,0,1,1,3,0.04842012427581398,0,0,0,0
197,1089,4.980427713449682,0,1,0,1,0.011645571128315551,0,0,0,0
152,1453,6.398888835793182,0,3,0,3,0.03355155902226161,0,0,0,0
143,105,7.712310434543041,0,2,0,1,0.021801946444255905,0,0,0,0
176,304,5.568486248188692,2,1,0,4,0.041372312631314766,0,0,0,0
196,320,4.978419562719053,1,3,1,0,0.04868001771837606,0,0,0,0
169,343,7.218914094227027,1,0,1,4,0.02535723293716338,0,0,0,0
252,397,6.602559712973587,7,5,1,14,0.18377239504761017,1,1,1,1
198,1381,6.804552082199173,1,3,1,2,0.03347670203282573,0,0,0,0
196,371,6.631845297749251,2,1,0,3,0.047597617865594244,0,1,0,0
78,1052,7.558865349583493,2,0,1,2,0.026007020443096128,0,0,0,0
288,633,5.388014444497085,9,6,1,4,0.07942474703720431,1,1,1,1
220,704,6.578368243297772,7,9,3,7,0.12583632562415312,1,1,0,1
145,1076,7.53555266803681,1,4,1,4,0.025616304954783786,0,0,0,0
59,713,7.274310176688543,1,4,1,2,0.0420380142471228,0,0,0,0
150,518,7.041270874273941,1,2,0,1,0.01734559616790286,0,0,0,0
43,1039,4.02261962677289,2,0,1,4,0.037811911755249186,0,0,0,0
149,742,5.897604705008534,8,16,4,3,0.18812114719063228,1,1,1,1
144,1350,6.518987777425249,9,24,4,4,0.0592825668572523,1,1,1,1
41,1444,4.002748241480753,1,2,0,4,0.017398107154392745,0,0,0,0
286,490,6.266374616646534,6,10,4,7,0.16467890895587362,1,1,1,1
116,1155,4.54500975488139,0,4,0,4,0.04388906623381475,0,0,0,0
186,1007,6.8851778833279464,1,0,0,0,0.046465840615878835,0,0,0,0
114,1063,4.454042218575552,3,5,1,6,0.14781708777547892,1,1,1,1
156,1472,5.084416782144566,1,3,1,1,0.021665022265214273,0,0,0,0
61,248,4.077699417891276,2,4,0,3,0.012411291228404911,0,0,0,0
87,597,5.662179056028142,2,2,0,1,0.026443908425766577,0,0,0,0
289,660,6.371456059348489,1,7,2,9,0.1077764199665101,1,1,1,1
55,682,5.715244568335944,8,7,4,13,0.18527446747100795,1,1,1,1
62,1259,6.248313945093148,2,0,0,3,0.011575774439428482,0,0,0,0
185,387,6.681432526491939,1,2,1,1,0.021646902832127515,0,0,0,0
80,790,6.536787461433542,2,3,0,0,0.0354572613580312,0,0,0,0
212,1893,4.945824681970966,5,13,3,5,0.18728537559817932,1,1,1,1
90,226,7.1968955765831595,2,4,0,4,0.013917187161946329,0,0,1,0
139,1257,5.986756406718129,5,20,3,7,0.1331041574072872,1,0,0,1
176,1118,4.240716760805974,0,4,1,1,0.046473076401465745,0,1,0,0
187,1098,5.784271002857941,3,21,2,9,0.15534739758099714,1,0,1,1
36,1233,5.408392440151637,2,1,1,3,0.03243565826487017,0,0,0,0
197,378,4.191280196692502,1,8,3,14,0.16323041414805597,1,1,0,1
45,1305,5.372243103596649,1,0,0,3,0.016524415841341695,0,0,0,0
58,297,5.515160804205563,1,0,1,3,0.022793297420716396,0,0,0,0
71,679,7.253571828876435,2,1,1,0,0.043578574240051446,0,0,1,0
161,1472,5.28861050787687,2,1,0,4,0.04411349582600068,1,0,0,0
94,1178,7.841936590838734,1,0,0,3,0.04220852356788675,0,0,0,0
251,1152,6.887489452613485,6,25,1,2,0.06921171527705133,1,1,1,1
92,1085,5.553919146636955,1,0,1,4,0.04192083371096832,0,0,0,0
155,1564,6.140480543479367,9,16,3,3,0.1504158662261958,1,1,1,1
91,799,4.659582929011573,2,0,0,1,0.040385907950708136,0,0,0,0
51,1945,5.517736394879191,5,21,4,5,0.11468261504344397,1,1,1,1
254,1439,3.870325381874372,7,22,1,3,0.1614619463501878,1,1,1,1
71,723,7.4395603154701035,2,3,0,2,0.022569667987918034,0,0,0,0
61,1010,4.335621489313855,1,1,1,2,0.049857594133407734,1,0,0,0
82,1092,7.775586520782511,1,0,0,0,0.04956630912153378,0,0,0,0
228,1846,4.804572077854639,5,23,2,13,0.06472192165973947,1,1,0,1
160,1411,4.0111598758882145,2,3,1,2,0.03896831762338902,0,0,0,0
28,906,4.288737671733694,1,2,0,1,0.03659774933801492,0,0,1,0
155,168,7.355084987771091,0,0,1,2,0.03740627695253467,0,0,0,0
220,1437,4.316135722534824,7,20,3,12,0.10694871807577114,1,1,1,1
111,1246,6.069838616938203,1,0,1,1,0.013723657182000987,0,0,0,0
54,1181,5.065455594729926,2,2,0,0,0.024139513191398468,0,0,0,0
199,1274,5.878146631137808,0,2,0,0,0.016409350409318728,0,0,0,0
64,1329,5.377181724835922,1,14,3,10,0.07379486088363409,1,1,0,1
136,300,4.315616800260467,0,0,1,1,0.03547736305088343,0,0,0,0
130,1406,4.3738101225919435,2,7,1,11,0.10708359997386607,1,0,1,1
144,1063,4.263047769187601,0,2,0,2,0.04538457972907637,0,0,0,0
170,1379,5.618731150120201,0,0,0,0,0.04209309700424573,0,0,0,0
157,1910,3.232207662554683,7,14,1,4,0.1330841874094842,1,0,0,1
56,910,3.4702466264174934,4,15,1,12,0.11279391103454413,1,1,1,1
62,739,7.926326351074028,0,0,0,4,0.04369636061092143,0,0,0,0
106,646,5.661231320473967,2,0,1,2,0.01051848842208003,0,0,0,0
103,1067,6.477145769147231,1,3,0,1,0.025348244468738065,0,0,0,0
98,1004,5.071901304200463,8,18,1,10,0.11700439376036766,1,1,1,1
183,1491,6.388566426026534,5,23,1,14,0.1043337883496846,1,1,1,1
86,633,5.100463000423659,1,0,1,4,0.04694648922621301,0,0,1,0
68,1304,7.6777248121785036,1,3,0,1,0.015230072703071307,0,0,1,0
205,503,4.287570388207967,2,17,1,14,0.10986925090436511,1,1,1,1
125,262,4.073282584949989,0,0,0,4,0.030912095002121193,0,0,1,0
92,1423,7.773645755472847,2,0,0,2,0.04828854535129777,0,0,0,0
216,1891,3.819811172235621,4,10,1,9,0.18174507419223163,1,1,1,1
216,1729,6.335026793059166,8,7,2,3,0.11456131473885393,1,1,1,1
115,1368,6.090262898945285,7,19,3,10,0.06903502351494048,1,0,0,1
264,977,4.019527736357524,3,17,1,8,0.07519610945771024,1,1,1,1
292,445,4.429094886793967,6,26,3,9,0.13124670820376877,1,1,1,1
137,1779,3.324978283650793,2,27,4,14,0.1690502450164101,1,1,1,1
50,977,6.572662094622276,1,1,1,3,0.021673984927972602,0,0,0,0
72,342,6.870587549707045,2,0,0,4,0.011842592648078756,0,0,0,0
191,1529,3.287246168922183,8,29,1,10,0.09791844414174189,1,1,1,1
159,1252,5.432340800120068,1,3,1,4,0.04609789981189133,0,0,0,0
173,228,7.214982100871097,1,2,0,2,0.026326857352546182,0,0,0,0
137,533,5.8275934146562225,5,13,2,5,0.07742147136901949,1,0,1,1
58,784,6.313474759396362,2,1,1,0,0.026212830419743753,0,0,1,0
36,1449,5.8480285819469024,1,4,1,1,0.025343120584479656,0,0,0,0
103,1294,5.445177270818586,2,0,1,2,0.03526294399204883,0,0,0,0
190,535,7.448540141895556,0,1,1,1,0.04952317603093208,0,1,0,0
42,1228,4.500514563229458,0,1,0,3,0.02348456677787363,0,0,0,0
58,852,6.356901855271401,2,2,0,1,0.0457877694322962,0,0,0,0
193,740,6.675549910399457,1,0,0,4,0.04764478121700639,1,0,0,0
274,757,3.9609487900828975,2,23,2,14,0.11977479704090216,1,1,1,1
166,808,4.457267063823938,0,2,1,4,0.028259138278434168,0,0,0,0
108,1368,6.533050899871606,0,1,0,4,0.03256814308333265,0,0,1,0
162,152,6.70074861544652,1,2,0,1,0.01908791490202419,0,0,0,0
95,1485,3.2204559164238993,5,7,1,2,0.07016003209510124,1,1,1,1
265,659,3.232827414734635,3,8,2,4,0.14054089475990775,1,0,0,1
149,739,6.856152391978848,2,2,0,0,0.04711078647795788,0,0,0,0
83,538,5.90352076067701,0,2,0,1,0.022208728601419037,0,0,0,0
77,152,4.87361802858678,0,0,1,3,0.022044442297932596,0,0,0,0
106,390,4.593512224752757,1,1,0,2,0.024161268944701497,0,0,0,0
187,302,6.5361791209714575,2,2,1,4,0.01641713592135626,0,0,0,0
154,136,4.937254667508823,1,0,1,2,0.022932333354107805,0,0,0,0
181,615,4.70939024684882,1,0,0,2,0.04923922314240734,0,0,0,0
99,1700,6.404472897997978,8,27,3,2,0.09188286648824241,1,1,1,1
240,1005,6.608421678533736,1,29,2,6,0.15289507527838148,1,0,1,1
149,962,4.2846621200017045,1,1,1,2,0.02384762479632066,0,0,0,0
241,1366,6.481387015094809,6,22,1,3,0.16949282000099414,1,1,0,1
124,1309,7.071332391858985,2,3,0,3,0.04136715129026007,0,0,0,0
147,453,5.036311996049375,0,0,1,1,0.04492001312142808,0,0,0,0
215,1594,6.485635031657505,6,29,2,13,0.13010983268053622,1,0,0,1
135,1117,7.967535232848084,1,0,1,2,0.03241914845158668,0,0,0,0
147,880,6.212285177023423,0,2,1,0,0.04052307429393026,0,0,0,0
81,687,7.157140671400555,2,3,0,2,0.041005846270106734,0,1,0,0
85,353,7.321361852548904,0,4,0,0,0.033678757879639414,0,0,0,0
124,653,7.464331754713804,2,2,0,2,0.01692593968090886,0,0,0,0
107,1759,5.530216091126589,1,22,4,7,0.11215888445163656,1,1,1,1
156,1115,5.874439089298868,2,2,1,0,0.025011269298708026,0,0,0,0
131,607,7.212600465229673,2,4,1,0,0.04198540270670897,0,1,1,0
114,791,7.536680228982648,0,1,0,0,0.018538141742893505,0,0,0,0
170,602,4.084000222271349,4,8,3,6,0.14442030134263018,1,0,1,1
120,379,4.215226438197623,2,3,1,0,0.03449969628949563,0,0,0,0
71,640,5.425806319250521,1,17,3,7,0.07886817111243606,1,0,1,1
121,1090,6.973884584814099,1,1,1,3,0.04222866643559283,0,0,0,0
190,262,6.943886936624299,0,1,1,1,0.048597511591721494,0,0,1,0
199,549,6.660259426328404,2,4,0,4,0.025657832572279833,0,0,0,0
60,252,4.734516285125522,2,0,1,0,0.03876422454814385,0,0,1,0
107,1595,5.546201059450837,7,17,2,11,0.05926415002932482,1,0,0,1
106,569,6.30013373797812,0,1,0,1,0.04725503314588905,0,0,0,0
185,171,5.570172227575503,1,2,0,1,0.01662340109047196,0,0,0,0
57,141,4.778624501953407,1,3,1,4,0.04542941867481611,0,0,0,0
146,1393,5.05301976465078,2,0,0,4,0.046279916395093115,0,0,1,0
113,114,7.451494271539572,1,1,1,1,0.047956787494278445,0,0,0,0
188,1326,5.489708359510562,2,4,1,4,0.04964118043357473,0,1,0,0
101,204,4.718046370861453,1,1,0,3,0.032555180793746134,0,0,1,0
80,1491,6.776843805185005,1,4,0,0,0.0298531832340264,0,0,0,0
74,115,5.399271150111559,0,2,1,3,0.03839931113937787,0,0,0,0
21,304,7.387638411830697,1,2,0,0,0.03931719846864441,0,0,0,0
151,1094,6.269334289070988,0,0,1,1,0.02685868687000033,0,0,0,0
70,1087,6.367451646715182,3,18,3,6,0.19987585109691647,1,0,1,1
113,481,5.766395467961642,1,3,1,2,0.03259101978175577,0,0,0,0
54,524,4.470983109384788,1,3,0,4,0.0414001343429676,0,0,0,0
79,941,5.286936106487298,0,4,0,2,0.015779743467742087,0,0,0,0
60,1805,3.96196857375805,3,10,2,10,0.11364392149314237,1,1,1,1
29,511,6.536930786843044,0,4,0,0,0.02972293984717387,0,0,0,0
115,272,4.303104770091074,2,3,1,2,0.038034209164658626,0,0,0,0
119,1207,6.073596388670651,1,2,0,2,0.01956719275048425,0,0,0,0
184,1231,7.182220824868849,0,3,1,0,0.032773911148943444,0,1,0,0
128,494,4.70568179807856,2,0,1,2,0.02635231872111591,0,0,0,0
125,1484,3.540566250061379,8,11,1,11,0.05489464395322986,1,1,0,1
56,167,4.392626830470199,0,2,0,0,0.013037844146312892,0,0,0,0
149,798,5.795794178291427,0,1,0,0,0.04591211067333039,0,1,0,0
239,282,5.403273680292524,4,14,1,5,0.18734153619759114,1,1,0,1
150,1151,6.50697211433172,1,2,0,4,0.040778182700966725,0,0,0,0
132,930,4.807552684127481,0,4,1,1,0.03266553504176785,0,0,0,0
144,347,5.127317403106327,1,1,1,3,0.045975454378028836,1,0,0,0
88,1194,4.811057141584974,2,2,0,2,0.03433782225328743,0,0,0,0
147,447,6.570387780216165,1,7,3,7,0.19543996031439775,1,1,1,1
145,832,6.092045708652535,1,1,1,2,0.025527982676045894,0,0,0,0
117,396,4.462520438577236,2,4,0,0,0.01457094728815025,0,0,0,0
194,750,7.368034094275099,0,1,1,0,0.03863077399206387,0,0,0,0
70,476,6.874347359898339,1,2,1,3,0.030763627625616283,0,1,0,0
192,1418,3.731335115359397,1,8,3,12,0.11577171973300215,1,1,1,1
132,411,7.775448272905337,0,0,1,0,0.04641658215416623,0,0,0,0
98,376,6.551720585443815,2,2,0,1,0.035834739752147016,0,0,1,0
157,141,6.262968255074927,0,2,0,3,0.041115897513622275,0,0,0,0
55,589,6.406590122795541,2,26,1,3,0.1333536897169369,1,1,1,1
135,620,6.781842500940583,1,2,1,1,0.026557212455893077,0,0,0,0
176,582,7.606817512813621,1,2,0,0,0.03718864737125715,0,0,1,0
38,995,5.496783982958698,1,1,0,2,0.01363560110315495,0,0,0,0
185,1274,4.495439954488998,0,0,1,2,0.021668797101669246,0,1,0,0
65,661,7.040361462368015,2,3,0,2,0.039284351000534456,0,0,0,0
128,696,4.37175479399105,0,0,1,3,0.01561125650771045,0,0,0,0
113,435,4.501901194499416,2,1,0,0,0.0189641172398365,0,0,0,0
267,1256,4.27894129491308,3,25,4,9,0.07148726072172193,1,1,0,1
188,1018,7.2919554606322645,2,0,1,3,0.03133369442614871,0,0,0,0
130,878,6.677963949945314,2,28,1,14,0.1265227962444218,1,0,1,1
141,151,4.492005066401646,2,3,0,3,0.045381396156952504,0,0,0,0
238,1276,6.9309877848924035,6,19,1,6,0.12576404757271697,1,1,1,1
46,535,5.309411279570321,2,2,0,0,0.03241023214385059,0,0,1,0
258,619,4.789183839772647,8,21,3,11,0.06153910374918472,1,1,1,1
88,1406,7.7303415342676205,1,0,1,2,0.033518993168267446,0,0,0,0
62,587,5.701729952626301,0,3,1,0,0.031313236958849855,0,1,0,0
214,1871,5.985854001671814,5,10,2,13,0.1442855860027721,1,1,0,1
128,1225,5.178703334723325,2,1,0,0,0.044476548734174344,0,0,0,0
114,711,6.670013918427953,0,1,0,4,0.010149155367607486,0,0,1,0
66,1852,3.4901187294901024,8,8,1,14,0.12041580222260255,1,1,1,1
199,1328,4.591328282997505,0,0,0,4,0.040646302108611546,0,0,0,0
171,309,4.729344370565818,2,0,0,2,0.016158811128216606,0,0,0,0
132,468,4.529413674743316,2,3,0,3,0.01518526716040353,0,0,0,0
121,619,6.629997385877482,0,4,1,1,0.03909879342971477,0,0,0,0
229,1907,3.0063547786379528,5,27,4,5,0.19677773281989402,1,1,1,1
52,598,6.572785738160642,1,0,0,0,0.04549104540804241,0,0,0,0
181,1318,7.146526485838543,1,2,0,2,0.01656496872024574,0,0,0,0
182,1294,5.137131023305193,1,1,0,4,0.022902431735606694,0,0,0,0
82,993,3.6934798294013875,1,14,4,13,0.14843609009113573,1,0,1,1
185,427,7.505561669040398,1,2,0,0,0.010195684781348819,0,0,1,0
202,1685,3.1458684511799597,1,15,3,3,0.0853048572958165,1,1,0,1
80,1194,6.253526278496421,0,0,1,1,0.046577544187046634,0,0,0,0
137,409,3.797594613096578,3,15,3,14,0.09246227134701238,1,0,1,1
22,1271,7.22067861497845,1,2,1,0,0.024568552117490122,0,0,0,0
57,936,4.229335036344031,1,1,1,1,0.019314119632465425,0,0,1,0
36,380,7.922030830473243,2,0,1,1,0.04827052956747673,0,0,0,0
109,843,6.226358780423284,1,4,0,2,0.011977372110859794,0,0,0,0
246,1673,6.942662305901251,9,11,2,14,0.10923224901344855,1,1,1,1
74,1226,4.019579187921219,1,1,0,2,0.025585074633005675,0,0,0,0
179,316,3.538352650446916,6,6,1,7,0.1314314711609167,1,1,1,1
73,967,4.9309231004738105,2,1,1,3,0.048558182050553636,0,0,1,0
62,1474,4.777811224659226,0,4,0,3,0.03772341729166342,0,0,0,0
193,1298,5.494255946477116,0,0,1,0,0.033660590774692134,0,0,0,0
100,176,6.63149399946299,0,3,0,4,0.024358788510844973,0,0,0,0
23,819,6.461544565986749,0,3,1,4,0.038208932393079195,0,0,0,0
41,402,7.796394368062387,1,2,1,0,0.02824834651087986,0,1,0,0
267,1247,4.349879604688752,7,25,3,3,0.13340864615393982,1,1,0,1
132,846,7.768500335639498,1,1,1,3,0.020670743716945307,0,0,1,0
49,828,7.769408801983969,1,3,1,0,0.047667447271314375,0,0,0,0
116,1291,6.270955594012175,1,1,0,2,0.04271147839590149,0,0,0,0
167,222,7.573326175278087,0,2,0,1,0.04756767461357231,0,0,0,0
175,238,3.0612245365694624,3,18,2,8,0.06085991704310855,1,0,1,1
144,1213,6.396055925292653,2,3,1,2,0.031154489080898025,0,0,0,0
175,480,3.424293609032104,7,26,3,2,0.08220500152408478,1,1,1,1
150,375,4.6698592184278755,1,3,1,4,0.02359466135721177,0,0,0,0
54,1177,7.477904104150449,0,2,0,4,0.017459524487666217,0,0,0,0
287,636,6.311950987893628,6,15,3,12,0.17638221110585617,1,1,1,1
287,353,5.522018166833476,3,7,1,8,0.06594449107526941,1,0,1,1
285,1348,5.949973791998032,7,7,2,14,0.17710565193680466,1,1,1,1
183,290,5.47787000599209,0,0,0,0,0.016315668715285874,0,0,0,0
172,114,6.963556802650212,0,0,0,3,0.021896486351127363,0,1,0,0
160,180,5.739127760215283,0,4,1,0,0.03890465788518861,0,0,0,0
68,1498,7.6996879685263035,2,3,1,4,0.03127263630344651,0,0,0,0
191,401,4.220695143818751,1,2,1,0,0.04598650185887649,0,0,0,0
157,245,7.625471285374918,1,4,1,0,0.01696257875919284,0,0,0,0
26,956,5.119698190342348,1,1,0,2,0.024135670249807846,0,0,1,0
186,524,6.920815647285231,0,0,0,1,0.049023154161894525,0,0,0,0
79,1394,3.7516938795368455,5,12,1,6,0.14618742769803744,1,0,1,1
136,754,7.500655188025378,1,0,1,4,0.024691916445344533,0,0,1,0
137,531,4.787784898756639,2,4,0,0,0.02459067098185411,0,0,0,0
109,839,4.490170416382831,1,2,0,2,0.042439490565172946,0,0,0,0
285,1016,5.269158989161749,5,26,3,2,0.08098195909317056,1,1,0,1
186,291,4.7425982856832665,1,1,0,1,0.025277314182245495,1,1,0,0
259,546,6.630392282520288,2,5,1,14,0.07138062052622768,1,1,1,1
296,1188,6.9884893562100805,1,16,2,5,0.14136983940893263,1,1,1,1
121,833,7.355066437866405,2,3,0,0,0.012545852062020196,0,0,0,0
196,221,4.92651248000974,1,3,0,4,0.029897146496307987,0,0,0,0
274,1910,6.595767768444897,7,25,1,2,0.08029607731599413,1,1,0,1
191,485,6.548487454368896,2,0,0,3,0.03295245345015178,0,0,1,0
280,1128,4.638552478632111,9,18,1,8,0.10328878806350203,1,1,1,1
99,424,7.024161685325597,1,0,1,2,0.011614690734173982,0,0,0,0
34,481,6.232276830390612,1,1,1,2,0.013121642163273037,0,0,0,0
227,1143,4.415779170617821,9,16,4,14,0.1655632627814151,1,0,1,1
285,849,6.183105439432591,1,14,2,3,0.08288024321909793,1,1,1,1
59,775,4.1601454238355355,4,21,4,8,0.15896278499624475,1,0,0,1
81,1275,5.4879391627195115,1,3,0,4,0.04995430431186252,0,0,0,0
148,1273,4.182547456944322,1,3,1,2,0.02703633840734742,0,0,0,0
101,1492,4.35466678461186,9,28,3,8,0.15321637143948788,1,0,1,1
152,1510,3.605263164986548,7,5,2,8,0.15685819370424733,1,1,1,1
129,1414,7.754121113117625,0,4,1,1,0.021634772674714572,0,0,0,0
55,1705,6.776922208637249,4,22,2,4,0.18503314526885228,1,1,1,1
93,687,7.785242107781784,2,0,0,1,0.04598024247094199,0,0,0,0
45,149,4.3870821988572155,1,1,0,2,0.04679291062379382,0,0,0,0
191,357,6.837930022825408,2,4,1,4,0.04717206623540782,0,0,0,0
154,1587,5.139141156791457,2,9,3,6,0.13965218579828187,1,0,1,1
191,1023,5.2637571527090365,7,16,4,11,0.18254563676638658,1,1,1,1
177,323,5.991503602038503,0,4,1,1,0.04975045010558409,0,0,1,0
159,1180,5.833592514660151,7,8,4,13,0.1365438092419169,1,0,1,1
132,1143,5.665167952083581,0,3,0,0,0.03826642493314222,0,0,0,0
103,561,4.439308087165861,1,0,1,2,0.04003274358785485,0,0,0,0
61,581,5.551021201242789,1,3,0,1,0.03283914400893168,0,1,0,0
184,855,7.0325461967821505,0,4,0,2,0.014182706533788161,0,0,0,0
77,1004,6.656088337151188,1,3,0,2,0.014770039012667513,0,0,0,0
103,1748,4.277836292068384,1,24,2,6,0.11532204293240472,1,0,1,1
165,1994,5.935073495957219,1,17,2,9,0.13421451751245383,1,1,1,1
124,616,5.534331039375583,2,3,0,2,0.024499981824320345,0,0,0,0
111,665,7.781679770745974,1,0,1,3,0.044695457842048515,0,0,0,0
125,1041,4.513785258119679,1,4,0,1,0.029326842803942925,0,1,1,0
141,849,4.428214895613255,0,0,1,0,0.021597762297348583,0,0,0,0
27,1346,6.940921057135524,0,4,0,0,0.03247143990122694,0,0,0,0
297,1116,4.82537871614273,7,8,4,5,0.0736458970218089,1,0,1,1
254,1124,6.016056675292296,6,9,3,2,0.1584512821975061,1,1,1,1
216,935,4.805228927917221,4,26,3,12,0.11297735137604348,1,0,0,1
176,512,4.457462687850426,2,3,1,2,0.02384201573582484,0,0,0,0
37,115,4.697095848101005,2,0,0,2,0.04684912705429002,0,0,0,0
89,1004,6.327832846880865,0,1,1,0,0.021816722083061173,0,0,0,0
51,356,6.888824423267769,2,0,1,4,0.04078184300551069,0,0,0,0
160,825,6.688106969257895,1,3,0,4,0.03244740817201198,0,0,0,0
154,1865,4.139450279683814,7,29,1,13,0.16130048218249843,1,0,1,1
84,1568,4.812447417256355,7,7,2,4,0.17993261404407002,1,0,1,1
135,769,7.2180590201689565,2,2,1,3,0.01678677398683425,0,0,1,0
193,1285,6.949462437154359,2,12,2,2,0.10631795997992287,1,1,1,1
104,864,4.584687415949421,4,26,2,3,0.17151013631733375,1,0,1,1
26,371,6.0659114223802835,2,0,1,1,0.03764467265855647,1,0,1,0
260,923,3.9464117413431192,1,19,3,13,0.1237885488654776,1,0,0,1
146,462,7.625379136448768,0,3,1,3,0.018869114231779102,0,0,0,0
107,1718,4.88329689776058,2,29,3,11,0.14138092892134824,1,1,1,1
114,219,7.947378003725299,1,0,0,0,0.03745529640717605,0,0,0,0
64,780,5.419747495568032,2,3,1,0,0.043164229832058684,0,0,1,0
31,1449,5.247976162896586,0,4,0,0,0.04599871730513503,0,0,0,0
280,1564,6.519546564334948,6,5,4,2,0.16818404911112148,1,0,1,1
100,1002,5.212959854890345,2,1,1,3,0.03361283592519865,0,0,0,0
149,260,5.3191955854579245,0,0,0,3,0.027579822020954013,0,0,0,0
96,1414,5.839541688067675,7,28,1,5,0.1376776707422084,1,0,1,1
183,819,4.8840216415243445,2,3,0,4,0.0308899152849263,0,0,0,0
197,1317,5.606455322234413,1,4,0,4,0.010917345772400729,0,0,0,0
56,1358,5.3041456620550935,7,11,2,6,0.08804056146415484,1,1,0,1
138,646,3.625099077211586,6,19,4,7,0.18786083614780485,1,0,1,1
148,787,7.102988147951276,2,3,1,4,0.021269364618191768,0,0,0,0
58,1443,6.754309045610334,0,0,0,2,0.028794531243768316,0,0,0,0
62,727,5.62025575224508,1,2,1,2,0.018148608059276886,0,0,0,0
90,481,7.325553672107417,1,2,1,3,0.013354267485682692,0,0,0,0
164,801,7.477414509042534,1,4,1,2,0.04437713355181843,0,0,0,0
129,509,5.870623284028412,8,25,2,14,0.08312975327384144,1,0,0,1
126,826,6.470060648992826,0,0,0,4,0.04529873798385617,0,0,1,0
182,631,7.4004088693028045,2,2,1,0,0.010934545571822989,0,1,0,0
219,781,5.084360494162943,2,17,3,9,0.155909408461677,1,1,0,1
49,954,4.203497845540489,0,2,1,4,0.017981802222017673,0,0,1,0
78,1172,7.001552360451749,1,4,0,1,0.014488518876110225,0,0,0,0
62,952,6.643858250429929,1,4,1,2,0.02691963559118768,1,0,0,0
196,156,5.621715756921038,0,3,1,4,0.036387442813063255,0,0,0,0
151,502,6.97758587556502,0,1,1,1,0.04272280658883705,0,0,0,0
189,349,4.502517567816087,0,0,1,3,0.03338904217807107,0,0,0,0
52,160,5.939041406819239,2,3,0,2,0.042335716932553454,0,1,1,0
87,601,4.339008291101355,1,4,0,3,0.01709511744923011,0,0,0,0
170,432,6.9092411266551,0,0,1,4,0.03893514752080721,0,0,0,0
289,998,5.955141694683039,2,7,4,3,0.09239707450400098,1,1,0,1
195,1812,5.210988747828111,8,26,2,8,0.13395063514214472,1,1,1,1
117,139,7.858520629276729,1,0,0,3,0.014888598704132474,0,0,0,0
89,1087,5.922126230875832,6,7,2,6,0.0859531445159115,1,1,1,1
229,1742,6.013017114399863,6,11,4,3,0.06871459340828796,1,1,1,1
219,1166,4.24507896605657,2,8,2,8,0.07378019629247737,1,1,1,1
137,680,4.108391269469182,0,2,1,2,0.0448887705364633,0,0,0,0
65,729,5.9378452659909104,1,0,0,2,0.027796179713128616,0,0,0,0
24,390,5.561657584739985,1,4,1,1,0.011562414106838616,0,0,1,0
157,1424,6.703840517081458,0,0,0,3,0.03188886721494465,0,0,0,0
154,844,4.355998627702673,2,2,0,3,0.029535908051343027,0,0,0,0
295,446,3.1968001642558597,7,7,3,7,0.08737377199098496,1,1,1,1
162,659,5.899409120788523,0,3,0,3,0.03802628555048125,0,0,0,0
60,141,4.3289065016829955,0,2,0,0,0.032652422919161456,0,0,0,0
75,482,4.227959349135686,1,4,1,0,0.0209299982139959,0,0,1,0
113,1371,7.608868432584842,2,0,0,2,0.024164362376836387,0,0,0,0
56,499,5.565255529754857,2,4,0,0,0.0355116176875765,1,0,0,0
89,1003,5.9202458837471355,0,4,1,0,0.023840645001317745,0,0,0,0
238,1656,5.483727727269621,1,27,4,10,0.16194284869925218,1,0,1,1
187,972,4.258217917921258,1,1,0,0,0.015211206590687375,0,0,0,0
97,1446,6.448398512516963,2,0,0,1,0.04444313463618389,0,1,0,0
63,1365,4.831227836593084,1,2,1,4,0.04522549205183671,0,0,0,0
232,351,3.8352987821475657,4,11,2,5,0.16678280476801344,1,0,1,1
158,1378,7.320947812780833,0,0,1,4,0.01315727651327309,0,0,0,0
123,820,5.747578636117105,2,3,1,4,0.015205239473015575,1,1,0,0
28,147,7.217645514634222,0,2,1,4,0.027204189201438682,0,0,0,0
71,411,6.115146027668496,1,3,1,3,0.049926987651546684,0,0,0,0
82,1222,5.439620858697932,0,2,1,4,0.02371968016127239,0,0,0,0
55,993,5.190423038774409,1,1,1,4,0.01265788280406444,0,1,0,0
108,403,5.159922721487767,1,1,1,4,0.046111309771414664,0,0,0,0
51,628,5.980545821569276,2,3,0,4,0.019005792400695044,0,0,1,0
83,424,7.16010055412945,1,0,0,2,0.014730832123228725,0,0,1,0
67,1142,5.954987042902572,1,2,1,1,0.015816727622764617,0,0,0,0
170,634,6.987433541818531,0,0,0,1,0.030406322592520206,0,0,0,0
171,209,3.948794352189084,9,22,1,12,0.0763406062706994,1,0,0,1
57,1151,4.026033901805229,1,0,0,3,0.021076515256905494,0,0,0,0
115,783,4.009546624649834,0,2,1,1,0.04532225217293571,0,0,0,0
150,725,4.82430724844524,3,21,2,11,0.17548023305975485,1,1,1,1
192,1893,3.798221943308784,9,21,2,8,0.14113372194810517,1,0,1,1
207,1383,6.160274049662104,8,20,2,12,0.057436027234311064,1,1,1,1
126,1094,5.292542933873754,0,4,0,3,0.024708870920415685,0,0,1,0
77,173,5.945822292594993,1,0,1,3,0.016404689001166668,0,0,0,0
46,721,7.677368412666446,0,4,1,2,0.025211029809446173,0,0,0,0
102,1100,7.673481734685574,0,4,0,3,0.022288629203185126,0,0,1,0
137,1318,6.489389526874463,2,2,1,0,0.02441426248280398,0,0,1,0
214,1396,3.1251977570446083,2,8,1,4,0.05565696092789371,1,0,1,1
71,849,5.41676028499267,5,27,4,6,0.17232306504236114,1,1,1,1
67,1073,3.8492528431936703,8,11,2,5,0.08318785746053249,1,0,1,1
155,741,6.130332287770416,1,3,0,4,0.02825934273926823,0,0,1,0
177,1712,6.573336091553534,1,15,4,13,0.05172509509622499,1,1,1,1
61,137,6.50026492695133,0,0,1,3,0.026981959207196912,0,0,0,0
241,889,4.2587228754215465,3,14,4,5,0.10121205685001286,1,1,1,1
144,1298,4.4690865860903255,1,4,0,1,0.04672229179733845,0,0,0,0
58,969,4.663713041621433,1,2,0,1,0.0270581605014667,0,0,0,0
160,960,5.5449717984252604,1,0,0,2,0.04272296629355353,0,0,0,0
54,1184,6.812541564870728,2,3,0,1,0.018829880588996928,0,0,0,0
106,633,4.107746856171772,2,3,0,1,0.04828648970362453,0,0,0,0
122,517,5.632724756608117,2,0,1,2,0.01256088728450552,0,0,0,0
233,340,4.071876280031025,3,25,1,14,0.18446666288791097,1,0,1,1
75,226,6.369987046970744,1,2,1,3,0.026046648946338208,0,0,0,0
133,391,6.564947512314494,1,3,0,4,0.02879874992750687,1,0,0,0
170,1486,5.013666462802812,2,0,0,0,0.04899233038436125,0,0,0,0
54,129,6.127650797030636,0,2,1,4,0.01945147128583409,0,0,0,0
145,1070,5.018482362369243,1,0,0,3,0.03125783300091083,0,0,0,0
68,1465,7.615337209844698,1,1,1,4,0.010619884706881594,0,0,0,0
69,1136,5.854582430563294,1,4,0,2,0.01770358672665906,0,0,0,0
201,1022,3.2009030767060054,4,7,1,13,0.10926416520757311,1,0,1,1
167,1171,6.592370879733495,2,4,1,0,0.04188078461725663,0,0,0,0
29,954,5.598868928362621,1,0,0,2,0.04833103066925591,0,0,1,0
178,1692,5.914096085727602,8,27,1,7,0.16395951308858556,1,1,1,1
87,670,6.317958934514706,1,1,1,2,0.022665272447515674,0,0,0,0
61,356,5.057394514901559,2,4,0,2,0.043077760047883246,0,0,0,0
111,616,4.889479595957544,6,29,3,4,0.1642965470594651,1,1,1,1
215,1266,5.789024934005782,3,8,2,14,0.05475742202032813,1,0,1,1
38,394,4.049452958920014,2,2,0,2,0.03733933596671749,0,0,0,0
198,861,6.142760317393516,2,1,1,2,0.03475080367346156,0,0,0,0
191,1020,5.583690060857544,1,2,0,0,0.02496241086972084,0,0,0,0
90,799,5.32579896697833,0,3,0,2,0.02951945968726944,0,1,0,0
103,158,7.456470665848229,1,0,0,4,0.047337652658429194,0,0,0,0
23,418,7.5153698585346,0,0,1,4,0.04546205471352633,0,0,0,0
278,1770,5.091925144245108,9,25,4,10,0.15770460433758898,1,1,0,1
123,762,6.552752871126938,1,3,1,3,0.04084634847683387,0,0,0,0
75,1233,5.9263257501536994,1,4,1,4,0.03912629415807574,0,1,1,0
53,267,7.335594327439358,1,2,1,2,0.010026258658756669,0,0,1,0
150,968,5.724097141586577,2,4,0,1,0.02875405171363135,0,0,0,0
246,1293,3.423181032249333,5,27,1,3,0.1230729407590735,1,1,0,1
75,162,5.9017392634578,2,1,0,4,0.028477016961836854,1,0,0,0
87,1450,6.070029235813671,2,2,0,3,0.049589946265744964,0,0,0,0
49,1483,4.942352982294539,1,0,1,3,0.02395619224919604,0,0,0,0
65,154,7.423161042673618,1,0,0,2,0.02831385669632927,0,0,0,0
51,1816,6.645678285891993,4,17,2,12,0.11353859901930952,1,1,1,1
175,277,6.331198316132696,2,7,4,8,0.055157584718446374,1,1,1,1
184,1184,5.997345371275381,3,11,1,14,0.1983488572980393,1,1,1,1
178,965,4.812896323762418,2,2,1,2,0.040257138636923165,1,0,0,0
183,315,5.996078649924784,0,3,1,1,0.033586263502537586,0,0,0,0
181,520,7.242711956688007,1,1,1,0,0.043597458676607095,0,0,0,0
61,1399,7.021084352794964,0,4,1,3,0.01493469448616569,0,0,0,0
131,1261,5.896737454955313,1,3,1,1,0.011533201479173649,0,0,0,0
188,172,7.3210927025426855,1,1,0,1,0.02272221574001023,0,0,0,0
174,1218,6.191734513153243,1,2,1,3,0.023160814092103313,0,0,0,0
156,1036,4.228610404329997,2,8,3,3,0.19505440889582476,1,1,1,1
280,1314,3.2992235991178505,8,28,2,4,0.10193575231042017,1,1,0,1
186,847,4.603293263628391,1,4,1,4,0.04945220311849805,0,0,0,0
191,797,7.1805174235591895,1,2,1,1,0.045086610443827814,0,0,1,0
136,538,4.151628448026307,1,0,0,1,0.025469955809547886,0,0,0,0
28,603,6.7016382887370725,2,3,0,1,0.01700262216378778,0,0,0,0
78,768,7.730949295133864,1,3,0,4,0.03125868097789036,0,0,1,0
73,821,7.6556754196026615,2,3,1,3,0.021595350090964832,0,0,0,0
182,408,6.3559073302258895,1,1,1,2,0.017320427489627505,0,1,0,0
176,1410,4.1866776793567135,1,7,3,6,0.164543590583638,1,1,0,1
176,654,5.971189589407121,0,1,1,2,0.02442583827959448,0,0,0,0
146,1260,6.180278475263251,9,10,1,5,0.09244233524654036,1,1,1,1
288,818,4.398419020237343,9,10,3,8,0.0919417547424503,1,1,1,1
129,130,4.38540612537904,2,4,1,3,0.03247465971857048,1,0,1,0
72,1298,7.5993382894372035,2,3,0,0,0.041440160886327765,0,1,1,0
122,212,5.8330688802533075,1,0,0,0,0.04831475610295064,0,1,0,0
104,258,6.535530491976136,2,0,1,0,0.017369702653749607,0,0,0,0
174,1172,3.93151821590876,6,9,2,5,0.15906029219328946,1,0,0,1
194,1697,5.999872341579203,7,9,3,3,0.16735501837684696,1,0,0,1
179,372,5.769676599297408,2,2,0,1,0.04909914263042682,0,0,1,0
132,389,5.886664329212946,2,2,0,1,0.026358165716575968,0,0,0,0
40,1075,7.458125748910396,1,4,0,4,0.017005584221091895,0,0,0,0
193,219,5.035288681356581,2,3,1,0,0.02720126078246085,0,0,0,0
125,1422,6.481726381832154,2,1,1,3,0.022778626406990347,0,0,0,0
53,1289,6.204325821646959,2,2,1,3,0.0318217252029852,0,0,0,0
40,131,6.721669530138293,0,3,1,1,0.013838340449843459,0,0,0,0
84,675,4.48456821776923,2,3,0,1,0.034208819757901174,1,0,1,0
127,1156,4.11104134287279,1,1,0,1,0.016399982944962345,0,0,0,0
193,561,5.537985301734178,9,18,3,4,0.07563410586058107,1,0,1,1
123,1509,4.2207989934233705,8,26,1,10,0.1318364046233667,1,0,0,1
65,651,4.256479728230514,0,4,1,0,0.04447517678867597,0,0,0,0
52,1286,7.166887722313872,0,2,0,1,0.04299487387441183,0,0,0,0
162,801,6.0676878799611735,1,4,0,3,0.04987331987398478,0,0,0,0
87,570,5.588211169168591,2,4,0,0,0.043487695378236886,0,0,0,0
108,516,4.385581678031992,0,2,0,3,0.036832509065094894,0,0,0,0
106,547,7.595937870318123,2,1,1,3,0.04265262057300398,0,0,0,0
104,952,4.940568182416467,5,13,3,11,0.06698584165757868,1,1,1,1
193,875,6.091345462925771,0,2,1,3,0.012143260941792482,0,0,0,0
106,476,7.238940473878569,0,3,1,2,0.038532079654918096,0,0,1,0
158,1037,5.873547592607613,2,0,1,2,0.030290127767615,0,0,0,0
58,404,7.543355625825777,2,3,0,0,0.024747644342929233,1,1,0,0
196,465,4.036021366754726,5,29,3,13,0.1626839516662626,1,1,0,1
182,446,7.877165655573211,0,3,0,4,0.04735995211097442,0,0,0,0
283,263,6.436999993746118,1,8,1,5,0.13002651380630342,1,1,1,1
166,148,6.716335407267994,2,3,0,1,0.0406208714583864,0,0,0,0
138,920,7.001306229525835,0,3,1,3,0.035172162945063805,0,0,0,0
49,493,5.914664791690807,2,0,1,2,0.027047144957306965,0,0,0,0
186,1905,6.5312381013744485,8,15,3,6,0.10011939263526495,1,1,1,1
76,272,7.941907043480123,0,0,1,4,0.041989041199362004,0,0,0,0
60,1230,5.187037453795579,1,0,0,3,0.026069492074663067,0,0,0,0
180,803,4.270703547219718,0,2,1,0,0.037285353310446454,0,1,0,0
24,1435,4.2298721673115,0,2,1,4,0.03930426697299334,0,1,1,0
42,201,5.006420895003888,0,3,1,2,0.02482063383924013,0,0,1,0
61,1212,5.428471371559963,4,23,2,7,0.15405770396154406,1,1,1,1
133,1992,5.390772539780544,1,8,1,13,0.13104672533443362,1,0,1,1
139,1094,7.465107205795901,2,0,1,3,0.032688038599282536,0,0,0,0
39,982,5.644428186640839,1,0,0,0,0.010517899270244895,0,0,0,0
66,569,7.858709127152622,1,3,1,1,0.046803341363990995,0,1,0,0
47,1455,6.587042014195087,2,0,1,4,0.03256810992663654,0,0,1,0
197,771,5.048699383920411,1,3,0,4,0.014581379682190945,0,0,0,0
84,479,6.4691627710842665,1,2,1,1,0.035799480630220856,0,0,0,0
243,777,3.550354236744161,4,5,4,13,0.06633923513708428,1,0,1,1
105,234,7.588709249025542,1,2,1,3,0.027771991646510598,0,1,0,0
69,1171,5.33459140892314,2,3,0,4,0.04407950228821213,0,0,0,0
152,938,6.170569737840636,0,1,0,0,0.024218591720009355,0,0,0,0
57,329,4.137571509993535,2,4,1,4,0.04080873586554927,0,1,0,0
124,757,4.284986742245746,1,2,1,2,0.016390466973408086,0,0,0,0
49,473,4.799335111696178,1,2,1,0,0.022053128365873323,0,0,0,0
121,553,7.330224530344547,2,3,1,1,0.04492640816607606,0,1,0,0
105,1186,6.556318967077061,1,1,0,0,0.03291745863928702,0,0,0,0
70,1215,3.420524880377269,4,26,4,5,0.1648365181534218,1,0,1,1
174,194,4.7535814407907715,0,3,1,3,0.01080209515788198,0,0,0,0
168,246,7.844637727620771,0,4,1,0,0.027163045229914508,0,0,0,0
144,1160,4.655653948153754,8,25,1,13,0.18431549205128905,1,0,1,1
105,216,5.726175928164233,1,4,1,1,0.016775126900178825,0,0,0,0
143,714,6.212253333705583,2,4,1,4,0.03772468152341021,0,0,0,0
152,1367,6.194634595357513,2,0,1,2,0.021346328047039356,0,0,0,0
152,123,4.337380409400765,2,0,1,2,0.02453370277680534,0,0,0,0
193,1306,6.358638149184255,2,16,4,13,0.13687437929605464,1,1,1,1
142,1399,4.556918882832246,2,3,1,2,0.027881544141930885,0,0,0,0
254,1323,4.996279298927787,3,11,2,6,0.16944449290576022,1,1,1,1
31,1354,4.909884826534569,1,1,0,1,0.01824730864656217,0,0,1,0
43,187,7.645864748390365,0,0,0,3,0.02534432173138975,0,0,0,0
171,1397,7.2418150966793675,2,1,0,2,0.017734964820316175,0,0,0,0
128,272,5.124447394571996,0,1,1,1,0.0495163005733877,0,0,0,0
88,1186,6.765197005719743,4,23,2,8,0.08975486734898375,1,1,1,1
184,1410,7.7094995946823,1,1,1,4,0.013849759875243915,1,0,1,0
110,771,6.14992355036086,0,0,0,1,0.01255192566978392,0,0,0,0
21,1431,6.076799348956557,1,0,1,0,0.01149016765931382,0,0,0,0
64,1172,5.636285605971345,2,4,1,2,0.04082699533182331,0,0,1,0
86,1464,6.572218009517969,1,2,1,4,0.01687492408831932,0,0,1,0
284,877,5.283399011963899,8,19,1,9,0.09062491949856069,1,0,1,1
135,352,6.331280440573149,1,4,0,4,0.010147453398831954,0,0,0,0
211,1535,6.537243109706618,5,16,2,14,0.17884366415615754,1,0,0,1
79,1270,4.828034502769501,1,17,4,11,0.09954472693687583,1,1,1,1
114,1004,4.146155141368574,0,3,1,4,0.02456533943893701,0,0,0,0
22,782,4.450037473727753,1,3,1,3,0.01323114278639959,0,0,0,0
51,1405,4.03655187488236,2,4,0,1,0.010145849983720626,0,0,0,0
160,344,4.221360950599907,1,4,1,4,0.017330785236754968,1,0,0,0
106,1029,6.277307105539974,0,2,0,0,0.02703183814253357,0,0,0,0
157,126,4.817486790906948,1,2,0,2,0.014824498894993054,0,0,0,0
48,1054,5.243522965886781,1,4,0,3,0.03758062823715936,0,0,1,0
245,851,4.468365415808584,1,18,4,4,0.12009257443396908,1,1,0,1
32,210,6.103922437192029,1,3,1,4,0.037350712939414527,0,1,0,0
166,1772,3.1482801604886523,1,26,3,13,0.07795742357237813,1,1,1,1
30,390,6.045805459302535,1,3,1,3,0.014419895980363782,0,0,0,0
77,1010,4.300070609990454,4,27,2,10,0.1501255022753294,1,0,1,1
155,1390,4.919149169985103,1,2,1,1,0.023831365055569816,0,0,0,0
24,1185,4.062037855363583,0,1,0,4,0.03025652006844537,0,0,1,0
89,621,5.839259809952961,2,4,0,1,0.03242604959535615,0,0,1,0
273,1081,3.4740272812542075,7,7,3,7,0.06016372210296862,1,1,1,1
109,1256,3.900851584290533,8,13,3,6,0.090196696971962,1,1,0,1
74,1287,7.3431374024881,0,2,1,1,0.019606182424302093,0,0,1,0
153,581,5.668221487187821,1,3,1,1,0.024510217578219452,0,0,0,0
84,307,6.61217374099982,2,0,0,0,0.019948649840207847,0,1,0,0
107,442,4.035978830681506,2,1,1,1,0.023609069995127213,0,0,1,0
154,517,7.082326447104469,2,3,0,1,0.030212681085989644,0,0,0,0
38,591,7.161383533693976,1,1,0,2,0.048710335518938684,0,0,0,0
190,1589,6.2109578085104005,3,18,1,7,0.10937344634013392,1,1,1,1
66,842,5.285359855694038,2,4,1,4,0.04694394195134052,0,0,0,0
24,356,4.86496751313878,1,3,1,0,0.04343575844977021,0,0,0,0
190,1612,6.563867093128106,8,13,2,7,0.15681479918689786,1,0,1,1
